{
    "dev": {
        "20606473240": {
            "SOL_USER": "20606473240MODDATOS",
            "SOL_PASS": "moddatos",
            "certificate": "test-cert.pem",
            "logo": "20606473240-logo.png"
        },
        "20522718786": {
            "SOL_USER": "20522718786MODDATOS",
            "SOL_PASS": "moddatos",
            "certificate": "test-cert.pem",
            "logo": "20522718786-logo.png"
        }
    },
    "prod": {
        "20606473240": {
            "SOL_USER": "20606473240PSATABPO",
            "SOL_PASS": "PSATABPO",
            "certificate": "20606473240-cert.pem",
            "logo": "20606473240-logo.png"
        },
        "20522718786": {
            "SOL_USER": "20522718786PLACAMAS",
            "SOL_PASS": "PLACAMASS2",
            "certificate": "20522718786-cert.pem",
            "logo": "20522718786-logo.png"
        }
    }
}